report_date,project,section,display_order,analysis_text
2026-05-28,项目A,核心结论,1,"**一句话总结**：今日整体表现平稳，各项指标波动在正常范围内。

关键数据：DAU 59,942（环比-1.5%），营收 $5,087.99（广告 $2,183.46 + IAP $2,904.53，环比+4.3%），ARPDAU $0.0849，eCPM $7.18。

今日未触发严重异常阈值，整体运行平稳。"
2026-05-28,项目A,整体表现,2,"| 指标 | 今日值 | 环比变化 |
|---|---|---|
| DAU | 59,942 | -1.5% |
| 新增用户 | 9,434 | +10.4% |
| 总营收 | $5,087.99 | +4.3% |
| 广告收入 | $2,183.46 | +13.8% |
| IAP 收入 | $2,904.53 | -1.9% |
| ARPDAU | $0.0849 | +5.9% |
| eCPM | $7.18 | +18.7% |
| 总展示 | 304,243 | -4.1% |
| 人均展示 | 5.08 | -2.5% |
| 首日留存 | 35.6% | 上升 +2.21pp |
| 7日留存 | 11.4% | 下降 -1.34pp |

**解读**：DAU下降 -1.5%，营收上升 +4.3%。广告 eCPM eCPM上升 +18.7%。
留存方面，首日留存上升 +2.21pp，7日留存下降 -1.34pp。"
2026-05-28,项目A,收入与用户分析,3,"收入结构方面，IAP 收入占比 57.1%（$2,904.53），广告收入占比 42.9%（$2,183.46）。
总营收增长+4.3%，其中 IAP下降-1.9%，广告收入增长+13.8%。

用户侧，DAU 为 59,942，新增用户 9,434，首日留存 35.6%，7日留存 11.4%。

**国家维度 TOP 表现**：
收入最高的国家/平台组合为 **US / android**，DAU 13,429，营收 $999.91，ARPDAU $0.0745，eCPM $8.51。
前 5 名依次为：
  1. US / android — DAU 13,429，营收 $999.91
  2. US / ios — DAU 7,331，营收 $686.04
  3. IN / android — DAU 6,615，营收 $617.57
  4. BR / android — DAU 8,788，营收 $581.79
  5. PH / android — DAU 5,640，营收 $498.15"
2026-05-28,项目A,广告位与平台分析,4,"**平台对比**：
- Android：DAU 39,529（占比 66.8%），营收 $3,156.97（占比 62.1%），eCPM $6.20
- iOS：DAU 19,615（占比 33.2%），营收 $1,929.44（占比 37.9%），eCPM $9.18
iOS 端 ARPDAU（$0.0984）高于 Android（$0.0799），iOS 用户付费价值更优。

**广告位 TOP 收入**：
收入最高为 **rewarded_daily_bonus**（rewarded），来自 AdMob / US / android，收入 $237.44，展示 38,839 次，eCPM $6.11。
前 3 名：
  1. rewarded_daily_bonus（AdMob / US） — $237.44，eCPM $6.11
  2. interstitial_level_complete（AppLovin / US） — $155.98，eCPM $7.10
  3. rewarded_daily_bonus（AdMob / BR） — $130.19，eCPM $7.78

整体 eCPM 为 $7.18，上升 +18.7%。"
2026-05-28,项目A,今日建议,5,1. 7日留存下降 1.34pp，建议对比不同版本和新用户的留存曲线，定位是版本问题还是用户质量下降。
